model,fold,mae,rmse,r2,best_params,spearman,best_params_full_data
RandomForest,OOF_SUMMARY,1.3365849203482147,1.705784588458936,0.1701535672007094,"{'selector__k': 'all', 'selector': SelectKBest(score_func=<function mutual_info_regression at 0x000001FCBE703380>), 'model__min_samples_leaf': 2, 'model__max_features': 'sqrt', 'model__max_depth': None}",0.4153606469649007,"{'selector__k': 'all', 'selector': SelectKBest(score_func=<function mutual_info_regression at 0x000001FCBE703380>), 'model__min_samples_leaf': 2, 'model__max_features': 'sqrt', 'model__max_depth': None}"
GradientBoosting,OOF_SUMMARY,1.427359787019846,1.767851691213314,0.1086648866015234,"{'selector__n_features_to_select': 10, 'selector': RFE(estimator=Ridge(), step=0.25), 'model__subsample': 0.8, 'model__n_estimators': 100, 'model__max_depth': 1, 'model__learning_rate': 0.03}",0.4124278268627655,"{'selector__n_features_to_select': 10, 'selector': RFE(estimator=Ridge(), step=0.25), 'model__subsample': 0.8, 'model__n_estimators': 100, 'model__max_depth': 1, 'model__learning_rate': 0.03}"
XGBoost,OOF_SUMMARY,1.4543062983751298,1.79915626108646,0.07681842561485264,"{'selector__n_features_to_select': 10, 'selector': RFE(estimator=Ridge(), step=0.25), 'model__subsample': 0.8, 'model__reg_lambda': 1, 'model__reg_alpha': 0.1, 'model__n_estimators': 50, 'model__max_depth': 2, 'model__learning_rate': 0.03, 'model__colsample_bytree': 0.8}",0.3984969313776232,"{'selector__n_features_to_select': 10, 'selector': RFE(estimator=Ridge(), step=0.25), 'model__subsample': 0.8, 'model__reg_lambda': 1, 'model__reg_alpha': 0.1, 'model__n_estimators': 50, 'model__max_depth': 2, 'model__learning_rate': 0.03, 'model__colsample_bytree': 0.8}"
ExtraTrees,OOF_SUMMARY,1.4761176777871037,1.8334734134409847,0.041264977394736335,"{'selector__k': 'all', 'selector': SelectKBest(score_func=<function mutual_info_regression at 0x000001FCBE703380>), 'model__min_samples_leaf': 2, 'model__max_features': 'sqrt', 'model__max_depth': None}",0.23533724340175952,"{'selector__k': 'all', 'selector': SelectKBest(score_func=<function mutual_info_regression at 0x000001FCBE703380>), 'model__min_samples_leaf': 2, 'model__max_features': 'sqrt', 'model__max_depth': None}"
LightGBM,OOF_SUMMARY,1.5656475359599147,1.8678755456264264,0.00494924970418309,"{'selector__k': 'all', 'selector': SelectKBest(score_func=<function mutual_info_regression at 0x000001FCBE703380>), 'model__reg_lambda': 5, 'model__reg_alpha': 0.1, 'model__num_leaves': 5, 'model__n_estimators': 30, 'model__min_child_samples': 2, 'model__max_depth': 2, 'model__learning_rate': 0.08}",0.24334301263801839,"{'selector__k': 'all', 'selector': SelectKBest(score_func=<function mutual_info_regression at 0x000001FCBE703380>), 'model__reg_lambda': 5, 'model__reg_alpha': 0.1, 'model__num_leaves': 5, 'model__n_estimators': 30, 'model__min_child_samples': 2, 'model__max_depth': 2, 'model__learning_rate': 0.08}"
MLPExperimental,OOF_SUMMARY,1.5405864161494165,1.9756949334716158,-0.11324084202257834,"{'selector__k': 10, 'selector': SelectKBest(score_func=<function mutual_info_regression at 0x000001FCBE703380>), 'model__learning_rate_init': 0.001, 'model__alpha': 0.01}",0.28665689149560114,"{'selector__k': 10, 'selector': SelectKBest(score_func=<function mutual_info_regression at 0x000001FCBE703380>), 'model__learning_rate_init': 0.001, 'model__alpha': 0.01}"
ElasticNet,OOF_SUMMARY,1.6669548901226305,1.9966231434419994,-0.1369505092957759,"{'selector__k': 'all', 'selector': SelectKBest(score_func=<function mutual_info_regression at 0x000001FCBE703380>), 'model__l1_ratio': 0.3, 'model__alpha': 1.0}",0.18475378638422657,"{'selector__k': 'all', 'selector': SelectKBest(score_func=<function mutual_info_regression at 0x000001FCBE703380>), 'model__l1_ratio': 0.3, 'model__alpha': 1.0}"
SVR,OOF_SUMMARY,1.7025507699533433,2.12792705864925,-0.2914060986384883,"{'selector__k': 'all', 'selector': SelectKBest(score_func=<function mutual_info_regression at 0x000001FCBE703380>), 'model__gamma': 'scale', 'model__epsilon': 0.1, 'model__C': 10.0}",0.2551319648093841,"{'selector__k': 'all', 'selector': SelectKBest(score_func=<function mutual_info_regression at 0x000001FCBE703380>), 'model__gamma': 'scale', 'model__epsilon': 0.1, 'model__C': 10.0}"
Ridge,OOF_SUMMARY,1.7856279507241952,2.1316991270724333,-0.2959885768535895,"{'selector__k': 10, 'selector': SelectKBest(score_func=<function mutual_info_regression at 0x000001FCBE703380>), 'model__alpha': 10.0}",0.1854838709677419,"{'selector__k': 10, 'selector': SelectKBest(score_func=<function mutual_info_regression at 0x000001FCBE703380>), 'model__alpha': 10.0}"
